"user_id","activity_count"
"2163","687184"
"4652","553665"
"4","518316"
"31","465675"
"2615","420457"
"2160","409353"
"2530","388542"
"105897","374602"
"3546","355672"
"532","345334"
"2165","310247"
"1501","296159"
"4954","262041"
"1773","252403"
"1496","230179"
"4659","227350"
"541","211914"
"2166","211550"
"2671","207992"
"4044","176974"
"3329","175510"
"73109","170618"
"4832","164235"
"5187","153701"
"79586","153091"
"1837","152497"
"3539","151466"
"108718","133005"
"2372","127751"
"2882","127377"
"1506","123473"
"5132","115377"
"92319","109980"
"2175","109891"
"2483","109566"
"2482","108197"
"1303","104697"
"4730","100933"
"108932","97734"
"4140","97425"
"9556","95931"
"1722","94874"
"3519","93887"
"1193","91950"
"2167","90932"
"72924","88111"
"4609","86125"
"3621","85852"
"2411","85223"
"4456","85022"
"2762","84708"
"4784","82948"
"1878","81415"
"72948","79357"
"4511","78042"
"1617","76453"
"4869","76012"
"2475","75951"
"3987","72278"
"3342","72148"
"255","70646"
"3592","69049"
"73051","68823"
"2186","68435"
"2614","68040"
"72938","67065"
"1945","66286"
"1988","65813"
"73074","65109"
"1943","65018"
"2468","64679"
"108869","63536"
"5071","63064"
"1354","63046"
"1689","61503"
"2266","60418"
"1514","60407"
"4097","59824"
"2110","57602"
"1574","57593"
"4933","56612"
"1581","56357"
"2118","56340"
"4622","55882"
"1360","54856"
"3586","54845"
"105589","53772"
"105896","53188"
"2886","52998"
"1927","52939"
"4580","52699"
"1763","51906"
"3447","51303"
"1499","51021"
"396","50900"
"1579","49877"
"1775","49329"
"2503","49183"
"2900","49057"
"2895","48696"
"4427","48460"
"2425","48112"
"4351","47760"
"73038","46779"
"105900","46750"
"1905","46196"
"2880","45763"
"4280","45438"
"3055","45067"
"72871","44407"
"3548","43905"
"2657","43739"
"1622","43066"
"3070","43046"
"59","42978"
"2479","42895"
"5013","42697"
"2161","42575"
"1586","42041"
"1515","42008"
"3033","41720"
"4318","41559"
"1714","40344"
"4148","40271"
"3631","40107"
"2640","39745"
"4771","39661"
"5068","39629"
"1273","39539"
"98044","39435"
"106467","38704"
"2180","38616"
"1649","37288"
"4505","37196"
"3518","36928"
"2136","36382"
"1584","36102"
"83701","36025"
"2437","35706"
"3672","35513"
"3847","35510"
"4799","35302"
"2892","35271"
"1066","35160"
"4393","35078"
"72909","34772"
"1774","34496"
"2179","34495"
"2879","34469"
"2477","34195"
"1754","34121"
"4935","33974"
"1551","33932"
"1065","33925"
"3517","33862"
"3623","33541"
"2908","33540"
"916","33518"
"4239","33468"
"1380","33467"
"1270","33305"
"1942","33074"
"2486","32874"
"2839","32537"
"4838","31974"
"4388","31895"
"72967","31519"
"73023","31008"
"3031","30738"
"4062","30577"
"3717","30490"
"394","30276"
"3223","30212"
"4179","29913"
"2336","29826"
"2250","29723"
"2394","29666"
"2647","29623"
"72926","29621"
"3918","29599"
"1686","29484"
"109274","29345"
"81575","29340"
"4228","29329"
"1384","29152"
"876","29127"
"83535","29077"
"1201","29042"
"1950","28920"
"3981","28905"
"3922","28894"
"3793","28852"
"2822","28711"
"1772","28594"
"2898","28385"
"103710","28175"
"2481","28040"
"2176","27596"
"2763","27452"
"531","27432"
"4072","27325"
"1929","27148"
"109218","26946"
"3045","26936"
"1829","26669"
"4523","26626"
"3515","26434"
"1839","26429"
"2659","26278"
"79585","26157"
"1963","25872"
"630","25767"
"1359","25706"
"1379","25688"
"2111","25670"
"1288","25599"
"73066","25321"
"1897","25210"
"1631","25191"
"2162","25044"
"1582","24973"
"2253","24959"
"968","24934"
"5067","24913"
"4337","24570"
"2256","24447"
"1807","24364"
"2414","24148"
"3884","24122"
"1764","24040"
"2504","23918"
"2851","23828"
"1637","23690"
"5204","23346"
"3732","23330"
"3333","23298"
"2402","23282"
"4804","23141"
"1720","23113"
"72902","22988"
"2502","22979"
"1868","22956"
"2105","22873"
"1404","22718"
"1439","22630"
"1819","22594"
"1578","22375"
"1331","21878"
"4706","21792"
"2043","21745"
"73053","21631"
"105583","21618"
"1227","21474"
"4791","21469"
"1117","21436"
"2904","21423"
"4493","21354"
"3723","21318"
"4793","21254"
"1340","21137"
"3690","21117"
"2665","21033"
"3591","21016"
"60","20922"
"3122","20876"
"1438","20874"
"103694","20764"
"73063","20739"
"92313","20670"
"1498","20498"
"73072","20407"
"941","20348"
"2334","20319"
"4144","20055"
"1541","20050"
"1390","19984"
"1387","19922"
"4547","19902"
"2427","19884"
"1811","19791"
"2159","19766"
"4556","19735"
"445","19693"
"2669","19690"
"106609","19667"
"2034","19654"
"1625","19643"
"1348","19585"
"1875","19534"
"2376","19492"
"3683","19459"
"3541","19442"
"2848","19337"
"387","19208"
"326","18971"
"979","18947"
"1690","18911"
"4624","18892"
"107308","18808"
"2619","18797"
"1213","18768"
"2151","18628"
"1904","18412"
"3617","18376"
"108494","18283"
"2089","18209"
"1105","18055"
"393","18048"
"2112","18014"
"2699","17976"
"2435","17874"
"1317","17823"
"1357","17766"
"2781","17755"
"105598","17736"
"2143","17518"
"1877","17408"
"2115","17403"
"5164","17376"
"2101","17368"
"813","17287"
"73110","17266"
"4510","17254"
"4928","17251"
"1888","17237"
"2885","17218"
"2184","17204"
"3249","17203"
"3776","17092"
"4719","17046"
"3889","17014"
"4450","17009"
"103733","17004"
"1938","16952"
"1781","16944"
"2820","16941"
"3137","16911"
"4619","16876"
"873","16833"
"2412","16816"
"211","16773"
"1768","16653"
"1767","16394"
"1432","16364"
"2255","16284"
"2795","16273"
"4201","16181"
"2375","16180"
"1572","16172"
"4290","16171"
"23001","16165"
"3306","16074"
"4245","16067"
"3903","16032"
"1233","16021"
"4715","15977"
"626","15876"
"4617","15860"
"3218","15757"
"2724","15742"
"1064","15727"
"1887","15713"
"2221","15678"
"4561","15674"
"2073","15660"
"3583","15620"
"2365","15614"
"1557","15600"
"1333","15557"
"1770","15512"
"1948","15463"
"4378","15463"
"2257","15253"
"1320","15205"
"776","15200"
"2329","15108"
"72965","15088"
"3461","15049"
"974","15019"
"2897","15011"
"4043","14926"
"257","14917"
"1154","14790"
"2881","14784"
"1347","14767"
"1618","14760"
"1838","14643"
"3865","14570"
"4102","14556"
"2440","14392"
"5202","14334"
"278","14170"
"3160","14089"
"1230","14013"
"4046","13995"
"3907","13984"
"4657","13940"
"1898","13871"
"4660","13849"
"3538","13811"
"5064","13802"
"73112","13690"
"4663","13645"
"2636","13605"
"215","13591"
"4794","13533"
"752","13481"
"3792","13421"
"2434","13372"
"1061","13263"
"3403","13227"
"7197","13195"
"2488","13166"
"3588","13086"
"2287","13064"
"4278","13051"
"2454","13036"
"1989","13026"
"3532","12987"
"694","12978"
"1336","12962"
"5160","12893"
"4091","12857"
"3286","12833"
"4183","12827"
"3850","12800"
"1385","12762"
"108711","12762"
"1122","12680"
"4527","12656"
"4156","12614"
"4661","12614"
"1585","12524"
"2612","12482"
"3999","12403"
"1604","12371"
"3068","12365"
"4194","12341"
"4191","12327"
"1705","12315"
"2328","12287"
"4948","12214"
"2344","12190"
"1275","12175"
"4709","12166"
"72886","12136"
"4513","12133"
"1721","12084"
"1761","12054"
"3251","12044"
"2009","12020"
"3007","11976"
"5044","11906"
"2128","11873"
"2860","11841"
"3915","11785"
"3779","11778"
"107886","11761"
"5056","11758"
"4442","11748"
"2696","11715"
"73103","11704"
"3326","11665"
"907","11655"
"1609","11653"
"73049","11617"
"2133","11615"
"3595","11567"
"3992","11520"
"1860","11512"
"3706","11486"
"1571","11378"
"3794","11370"
"4037","11358"
"2138","11335"
"582","11322"
"1068","11270"
"1034","11267"
"4786","11258"
"2718","11224"
"4504","11223"
"108764","11215"
"1491","11131"
"1511","11130"
"5163","11108"
"73029","11047"
"72920","11039"
"3619","11027"
"1598","11017"
"2303","10983"
"1209","10941"
"1856","10920"
"1926","10912"
"5018","10867"
"1893","10867"
"3406","10830"
"823","10759"
"103718","10728"
"11","10721"
"2268","10710"
"105606","10693"
"2319","10640"
"589","10635"
"72940","10596"
"4266","10591"
"3445","10491"
"1999","10463"
"1158","10427"
"4263","10423"
"1949","10422"
"2970","10406"
"4458","10403"
"5087","10389"
"1084","10379"
"2324","10370"
"3103","10366"
"72916","10354"
"2719","10343"
"73011","10308"
"1071","10296"
"3582","10281"
"103708","10271"
"4614","10244"
"3634","10233"
"4881","10140"
"1009","10132"
"2805","10112"
"1776","10085"
"1442","10063"
"5002","10006"
"4145","9977"
"73015","9930"
"1601","9927"
"2467","9917"
"4526","9895"
"3038","9837"
"5144","9837"
"4789","9818"
"1941","9817"
"388","9793"
"72906","9784"
"1725","9773"
"1287","9737"
"1304","9726"
"7184","9703"
"79604","9691"
"5078","9678"
"4900","9635"
"105904","9616"
"4394","9610"
"2037","9595"
"108496","9589"
"72984","9574"
"106606","9574"
"2861","9553"
"973","9534"
"1778","9518"
"1069","9517"
"1014","9507"
"2008","9489"
"3026","9408"
"1500","9379"
"245","9365"
"3674","9364"
"2395","9362"
"9547","9359"
"5116","9330"
"964","9287"
"5112","9275"
"3074","9262"
"1569","9255"
"1903","9238"
"2493","9209"
"1872","9196"
"4273","9147"
"1859","9144"
"3825","9141"
"2062","9136"
"1978","9118"
"1012","9112"
"73056","9104"
"1706","9098"
"1902","9098"
"1573","9077"
"2445","9058"
"2957","9058"
"5146","9031"
"2748","9029"
"3184","9007"
"4000","8988"
"2889","8964"
"3593","8932"
"1368","8921"
"1964","8909"
"109273","8907"
"3520","8905"
"4967","8889"
"1214","8885"
"4870","8883"
"2854","8868"
"4169","8850"
"4560","8840"
"72927","8832"
"4077","8825"
"3795","8797"
"867","8797"
"1969","8783"
"3524","8773"
"73050","8744"
"4669","8740"
"2361","8740"
"872","8736"
"4178","8731"
"4372","8721"
"1319","8718"
"4010","8708"
"3590","8705"
"108643","8704"
"2436","8700"
"1497","8687"
"543","8666"
"2793","8661"
"2804","8651"
"2137","8618"
"3861","8588"
"1871","8570"
"209","8557"
"1089","8532"
"70311","8530"
"4152","8455"
"4111","8454"
"2683","8443"
"1218","8431"
"1600","8398"
"3669","8396"
"1991","8390"
"5117","8369"
"4017","8341"
"5291","8337"
"3089","8336"
"108262","8331"
"1981","8331"
"4243","8300"
"5133","8295"
"3414","8290"
"2082","8288"
"3254","8286"
"2333","8252"
"1996","8249"
"3761","8188"
"93583","8165"
"32","8159"
"2038","8150"
"3314","8138"
"3860","8132"
"4443","8115"
"4583","8108"
"560","8096"
"4088","8080"
"3458","8076"
"2457","8065"
"3790","8047"
"2141","8036"
"3637","8000"
"3322","7998"
"1652","7997"
"3604","7980"
"2139","7972"
"109312","7964"
"5217","7946"
"7179","7941"
"1976","7903"
"1614","7902"
"1562","7900"
"2634","7882"
"7214","7876"
"120","7851"
"2284","7840"
"2998","7785"
"72907","7774"
"3396","7766"
"3049","7766"
"4563","7757"
"4860","7742"
"3718","7729"
"72896","7686"
"1974","7676"
"73057","7670"
"3430","7667"
"5273","7667"
"3689","7630"
"4343","7614"
"2847","7582"
"5126","7571"
"1823","7543"
"4909","7524"
"855","7518"
"203","7518"
"2117","7442"
"1975","7438"
"4888","7424"
"3858","7417"
"3782","7416"
"72990","7413"
"1099","7409"
"2006","7390"
"1834","7384"
"2645","7378"
"5155","7373"
"3725","7332"
"1803","7328"
"697","7271"
"857","7271"
"1338","7244"
"539","7218"
"1189","7196"
"1851","7192"
"2862","7191"
"4071","7179"
"2461","7176"
"2733","7172"
"3042","7168"
"3990","7162"
"2340","7143"
"1536","7124"
"1662","7121"
"4703","7114"
"4802","7076"
"4268","7070"
"4578","7065"
"3745","7052"
"414","7049"
"73106","7044"
"4646","7039"
"108400","7032"
"4635","7027"
"4873","7019"
"1010","7019"
"4441","7000"
"1901","6995"
"3047","6979"
"2850","6966"
"3448","6964"
"4970","6954"
"2685","6942"
"2542","6940"
"1362","6927"
"4095","6922"
"4575","6905"
"1433","6890"
"2116","6889"
"1990","6886"
"4274","6877"
"3608","6868"
"3814","6865"
"4645","6860"
"2327","6842"
"4777","6831"
"4329","6800"
"4850","6800"
"3750","6796"
"108905","6769"
"4053","6763"
"3549","6754"
"2002","6752"
"4176","6751"
"2602","6747"
"5084","6742"
"1312","6733"
"2448","6711"
"70310","6696"
"733","6681"
"4914","6665"
"4127","6661"
"2955","6654"
"107908","6650"
"3896","6640"
"3827","6630"
"2611","6626"
"3887","6625"
"4553","6623"
"4494","6616"
"992","6602"
"359","6580"
"1611","6567"
"1936","6559"
"3826","6555"
"5280","6548"
"2988","6545"
"24990","6533"
"72937","6485"
"4675","6476"
"4319","6474"
"1386","6462"
"3397","6458"
"1070","6457"
"987","6442"
"108760","6440"
"4339","6435"
"2740","6431"
"5136","6423"
"2456","6416"
"3571","6407"
"2670","6404"
"5061","6398"
"3039","6371"
"3841","6361"
"599","6351"
"2725","6348"
"4601","6335"
"2859","6334"
"4846","6325"
"3581","6323"
"1565","6310"
"4528","6294"
"4934","6289"
"4995","6281"
"72891","6277"
"631","6262"
"1612","6260"
"3001","6253"
"5102","6244"
"1606","6242"
"1217","6240"
"2492","6168"
"1041","6164"
"3405","6154"
"2449","6153"
"1080","6140"
"3875","6138"
"1520","6137"
"604","6136"
"73033","6127"
"2007","6126"
"2182","6114"
"2617","6094"
"1428","6090"
"108383","6082"
"1394","6072"
"1045","6071"
"2792","6048"
"4395","6047"
"4604","6018"
"4781","6016"
"3009","6015"
"1801","6005"
"2599","5995"
"4796","5994"
"870","5976"
"4701","5961"
"1352","5958"
"703","5951"
"72868","5948"
"4247","5943"
"995","5927"
"79597","5914"
"4155","5883"
"3611","5876"
"4056","5858"
"723","5855"
"1707","5840"
"1998","5836"
"4810","5827"
"1796","5823"
"3610","5822"
"330","5819"
"1079","5818"
"1599","5817"
"73026","5805"
"2948","5803"
"4240","5800"
"72933","5790"
"1795","5770"
"1198","5769"
"72911","5764"
"2465","5761"
"73012","5755"
"2559","5749"
"2597","5740"
"1835","5725"
"884","5711"
"4125","5711"
"367","5707"
"4785","5702"
"3880","5696"
"73123","5685"
"1195","5677"
"592","5651"
"4411","5643"
"2732","5635"
"390","5629"
"2269","5616"
"1274","5612"
"72988","5608"
"2480","5592"
"4063","5581"
"103695","5578"
"2142","5572"
"1650","5566"
"2129","5555"
"2350","5535"
"2196","5530"
"4380","5501"
"1231","5501"
"2747","5500"
"917","5497"
"3839","5484"
"751","5481"
"1373","5474"
"4045","5468"
"9550","5461"
"4867","5458"
"1793","5441"
"1810","5422"
"3753","5412"
"2499","5412"
"4766","5401"
"888","5391"
"1858","5386"
"1160","5361"
"1967","5354"
"3716","5320"
"4249","5320"
"4436","5314"
"385","5312"
"3366","5308"
"3289","5295"
"4839","5275"
"1946","5259"
"4629","5259"
"2187","5257"
"1211","5252"
"344","5251"
"3318","5239"
"4030","5239"
"92320","5237"
"2358","5236"
"4277","5227"
"2595","5226"
"4884","5219"
"1857","5193"
"4628","5192"
"4325","5182"
"4693","5170"
"2520","5160"
"4365","5142"
"3462","5141"
"1664","5138"
"3687","5119"
"4117","5117"
"2185","5114"
"5063","5107"
"837","5107"
"1472","5107"
"4625","5105"
"3746","5100"
"5085","5093"
"2874","5089"
"3916","5085"
"2095","5079"
"889","5071"
"1191","5067"
"9544","5066"
"7186","5064"
"9430","5061"
"3228","5048"
"1640","5042"
"4341","5034"
"108487","5028"
"1639","5019"
"4971","5013"
"24987","5012"
"1309","5011"
"2335","5000"
"1547","4996"
"2152","4992"
"3729","4975"
"2896","4974"
"2754","4973"
"5081","4970"
"4656","4969"
"1780","4959"
"4851","4948"
"2570","4947"
"2821","4944"
"5123","4938"
"1266","4932"
"5215","4932"
"5105","4931"
"2345","4931"
"3446","4914"
"3762","4901"
"2191","4887"
"5290","4885"
"3752","4881"
"3710","4873"
"4291","4860"
"1190","4859"
"2533","4855"
"316","4855"
"3308","4847"
"2858","4837"
"73031","4812"
"2055","4810"
"3679","4808"
"1992","4801"
"5165","4787"
"1403","4781"
"4874","4776"
"972","4771"
"357","4768"
"73061","4763"
"2802","4753"
"4565","4733"
"2555","4731"
"561","4731"
"4065","4725"
"280","4725"
"3224","4718"
"4177","4713"
"4073","4709"
"106608","4709"
"1753","4698"
"3993","4680"
"3281","4676"
"1512","4675"
"5196","4670"
"2109","4663"
"4398","4655"
"4790","4644"
"4047","4639"
"885","4639"
"2731","4632"
"3733","4631"
"2357","4628"
"1516","4618"
"4792","4617"
"618","4616"
"1848","4615"
"4267","4610"
"714","4608"
"4495","4602"
"4064","4595"
"1310","4592"
"3635","4589"
"2098","4589"
"3967","4581"
"1647","4574"
"1610","4548"
"1691","4540"
"4415","4529"
"4138","4528"
"4805","4526"
"1830","4520"
"1040","4517"
"3288","4499"
"108497","4498"
"1645","4485"
"4262","4472"
"3057","4468"
"1119","4447"
"2829","4445"
"1744","4442"
"2135","4428"
"7203","4411"
"9549","4408"
"1021","4404"
"4699","4402"
"4195","4394"
"105898","4388"
"43842","4384"
"1704","4382"
"4972","4379"
"1002","4364"
"4252","4362"
"5173","4360"
"2010","4358"
"72998","4357"
"799","4339"
"898","4335"
"5051","4335"
"73009","4330"
"2726","4325"
"3724","4316"
"4192","4315"
"5281","4309"
"4988","4301"
"41","4300"
"4758","4291"
"578","4286"
"3197","4277"
"1608","4273"
"924","4272"
"2509","4263"
"3568","4258"
"1171","4254"
"1655","4241"
"4913","4235"
"3704","4225"
"3107","4221"
"4577","4206"
"1212","4206"
"5256","4199"
"1175","4197"
"258","4196"
"3464","4190"
"986","4189"
"3989","4183"
"72917","4177"
"4463","4175"
"4490","4174"
"1242","4170"
"72922","4160"
"1186","4151"
"2289","4137"
"5131","4126"
"5138","4126"
"2914","4104"
"3427","4100"
"3627","4097"
"2258","4095"
"4911","4091"
"13227","4083"
"1220","4081"
"2531","4077"
"3344","4074"
"108264","4073"
"1341","4054"
"4648","4042"
"1228","4029"
"1374","4023"
"3018","4011"
"4285","4008"
"1271","4006"
"1202","3993"
"3639","3988"
"429","3985"
"1769","3981"
"5228","3979"
"2351","3977"
"98105","3975"
"2958","3971"
"1489","3971"
"4522","3970"
"4778","3969"
"2642","3967"
"360","3961"
"3163","3953"
"4048","3944"
"9551","3934"
"73046","3933"
"3589","3928"
"3691","3928"
"3297","3927"
"2285","3912"
"2484","3900"
"132","3897"
"72862","3893"
"6273","3883"
"4676","3881"
"2993","3876"
"660","3859"
"4022","3853"
"3225","3851"
"2134","3849"
"1281","3841"
"4089","3826"
"1997","3825"
"1194","3819"
"3727","3813"
"72989","3813"
"72970","3804"
"1513","3803"
"103724","3802"
"1134","3801"
"2099","3798"
"3011","3797"
"588","3797"
"4350","3795"
"2198","3786"
"4364","3780"
"3204","3774"
"4633","3770"
"869","3760"
"4788","3758"
"3323","3757"
"2853","3756"
"9530","3751"
"3695","3747"
"2190","3743"
"1577","3743"
"2262","3722"
"2066","3712"
"4640","3706"
"5023","3706"
"734","3702"
"1180","3701"
"4114","3697"
"2522","3694"
"2537","3692"
"702","3690"
"3102","3683"
"966","3681"
"1638","3680"
"1157","3679"
"4312","3675"
"2183","3670"
"3003","3661"
"5033","3651"
"5006","3645"
"1791","3644"
"3004","3643"
"2005","3634"
"79606","3627"
"2715","3627"
"595","3620"
"977","3616"
"3500","3611"
"1665","3603"
"1436","3601"
"67615","3599"
"4035","3599"
"176","3591"
"4647","3579"
"2943","3575"
"43438","3572"
"2711","3570"
"3949","3568"
"73000","3565"
"1279","3560"
"4279","3550"
"2742","3550"
"3984","3546"
"1698","3545"
"5195","3545"
"4613","3542"
"1993","3540"
"4382","3539"
"4626","3539"
"1267","3537"
"3213","3531"
"4775","3514"
"2855","3507"
"1003","3506"
"3272","3502"
"3507","3498"
"730","3497"
"2003","3496"
"335","3492"
"2649","3486"
"3235","3486"
"4384","3485"
"2538","3481"
"4157","3481"
"1648","3474"
"7201","3456"
"1630","3452"
"861","3446"
"2796","3445"
"1402","3442"
"2977","3441"
"880","3429"
"4674","3425"
"693","3422"
"4317","3420"
"2192","3409"
"1318","3407"
"4507","3405"
"3550","3401"
"2799","3390"
"153","3384"
"2097","3384"
"103730","3381"
"3828","3375"
"1015","3369"
"2428","3354"
"1203","3353"
"704","3348"
"2837","3345"
"5198","3344"
"107722","3343"
"2081","3342"
"402","3336"
"875","3336"
"2305","3326"
"4414","3324"
"2458","3322"
"1023","3311"
"2220","3310"
"3671","3306"
"1001","3305"
"4883","3297"
"1474","3296"
"1545","3293"
"3501","3293"
"2635","3292"
"1850","3292"
"4094","3291"
"3749","3291"
"1272","3286"
"2267","3281"
"4696","3281"
"1752","3280"
"73022","3279"
"4175","3270"
"5208","3267"
"5189","3263"
"72894","3262"
"7185","3261"
"5134","3261"
"3201","3257"
"3946","3254"
"2940","3253"
"103726","3248"
"4673","3242"
"3502","3241"
"4621","3240"
"908","3240"
"2426","3232"
"1102","3230"
"2987","3227"
"3497","3222"
"5240","3220"
"1083","3220"
"4720","3218"
"102","3218"
"705","3216"
"1951","3211"
"2096","3207"
"2956","3206"
"1762","3205"
"141","3204"
"72892","3198"
"1627","3198"
"4512","3196"
"4780","3190"
"2508","3185"
"4452","3183"
"4936","3180"
"3734","3179"
"1353","3178"
"2721","3177"
"2494","3170"
"1670","3161"
"3862","3160"
"3914","3155"
"4550","3154"
"1661","3153"
"72991","3153"
"3760","3150"
"146","3147"
"4134","3145"
"3227","3144"
"4746","3142"
"2033","3140"
"895","3139"
"4170","3134"
"4135","3130"
"67244","3128"
"4868","3127"
"1507","3125"
"514","3124"
"3202","3122"
"2527","3120"
"1708","3114"
"644","3107"
"3864","3103"
"1222","3101"
"4036","3100"
"2011","3097"
"866","3095"
"4237","3092"
"2320","3092"
"1620","3089"
"3711","3089"
"73037","3087"
"1219","3085"
"1766","3081"
"3848","3080"
"1381","3079"
"73005","3075"
"72977","3075"
"2464","3074"
"5135","3068"
"1890","3066"
"1580","3061"
"4618","3050"
"1389","3048"
"4611","3047"
"4752","3046"
"3816","3045"
"3602","3044"
"1141","3043"
"906","3041"
"5118","3041"
"2181","3040"
"2085","3038"
"2707","3032"
"249","3024"
"3722","3021"
"2472","3018"
"1369","3017"
"72929","3012"
"1011","3007"
"2562","3002"
"107307","2998"
"3140","2997"
"2490","2989"
"3299","2987"
"696","2986"
"4831","2985"
"2528","2983"
"3698","2978"
"3266","2977"
"741","2975"
"1364","2975"
"2951","2968"
"2616","2966"
"4059","2952"
"4872","2951"
"3845","2946"
"1087","2940"
"3838","2938"
"3077","2938"
"2471","2934"
"2563","2933"
"989","2931"
"983","2929"
"1020","2926"
"905","2922"
"882","2917"
"5030","2912"
"4338","2908"
"1666","2905"
"4465","2901"
"4664","2897"
"3492","2897"
"2887","2895"
"103700","2892"
"107888","2891"
"1831","2891"
"72864","2887"
"1800","2886"
"114","2882"
"3096","2882"
"1483","2880"
"2996","2879"
"3614","2879"
"4908","2875"
"73041","2874"
"103732","2865"
"738","2863"
"1221","2860"
"1409","2859"
"107891","2856"
"2249","2854"
"3219","2849"
"2654","2849"
"4878","2846"
"3052","2843"
"1490","2841"
"4749","2838"
"3708","2834"
"2283","2829"
"699","2827"
"4391","2827"
"1757","2822"
"3998","2820"
"1925","2817"
"5225","2816"
"4002","2814"
"3754","2813"
"4052","2810"
"4034","2801"
"4435","2796"
"4503","2791"
"1758","2787"
"2638","2780"
"2430","2779"
"3843","2774"
"2990","2771"
"1036","2768"
"1642","2767"
"107892","2759"
"1234","2758"
"2992","2758"
"3465","2757"
"1058","2752"
"2355","2744"
"4731","2738"
"3879","2734"
"994","2728"
"5032","2726"
"710","2724"
"3035","2721"
"980","2709"
"3630","2702"
"4281","2701"
"4835","2700"
"2102","2697"
"583","2694"
"3293","2693"
"4955","2690"
"2828","2685"
"2942","2684"
"2598","2682"
"4534","2678"
"878","2675"
"2543","2671"
"2288","2669"
"1883","2661"
"4734","2661"
"4497","2660"
"108870","2657"
"3431","2651"
"4772","2644"
"2505","2643"
"1966","2643"
"109219","2641"
"3226","2633"
"4871","2632"
"1509","2630"
"372","2625"
"4297","2611"
"902","2607"
"2463","2603"
"3133","2603"
"79601","2601"
"250","2601"
"375","2596"
"1033","2595"
"4326","2594"
"4154","2587"
"3939","2582"
"4875","2575"
"3098","2575"
"5161","2571"
"824","2563"
"975","2557"
"67254","2555"
"893","2547"
"1947","2547"
"4864","2544"
"4259","2543"
"2903","2534"
"4855","2529"
"2140","2528"
"1487","2528"
"3705","2523"
"1749","2522"
"1305","2521"
"4554","2517"
"2782","2514"
"1854","2513"
"1308","2511"
"4582","2509"
"900","2508"
"4549","2504"
"2571","2504"
"1156","2504"
"2941","2503"
"2803","2500"
"4271","2498"
"5222","2497"
"3247","2494"
"868","2493"
"3454","2489"
"564","2487"
"3280","2487"
"1155","2483"
"4433","2481"
"3421","2480"
"108261","2479"
"73069","2477"
"3099","2476"
"2734","2469"
"3285","2463"
"2347","2461"
"4404","2456"
"3504","2453"
"1743","2443"
"43841","2442"
"3433","2442"
"4543","2441"
"1349","2438"
"1475","2438"
"4406","2433"
"4417","2428"
"4548","2427"
"4917","2423"
"1286","2418"
"3678","2416"
"3730","2415"
"2843","2413"
"3385","2412"
"72959","2409"
"4600","2407"
"1350","2404"
"73045","2401"
"4819","2400"
"1235","2397"
"4861","2395"
"5021","2393"
"2984","2393"
"1229","2392"
"3652","2389"
"1148","2386"
"1702","2378"
"4569","2368"
"9560","2363"
"4074","2363"
"2075","2359"
"1123","2358"
"3258","2357"
"4927","2353"
"108651","2352"
"1197","2350"
"4922","2348"
"3703","2342"
"538","2342"
"72980","2341"
"3580","2340"
"448","2337"
"83699","2331"
"2884","2329"
"4366","2329"
"2660","2327"
"4321","2320"
"4733","2318"
"686","2312"
"2735","2310"
"3526","2308"
"5042","2301"
"4147","2300"
"5186","2299"
"4137","2291"
"1977","2286"
"4690","2279"
"2911","2277"
"453","2276"
"4363","2276"
"4643","2273"
"1521","2271"
"689","2270"
"3012","2260"
"4016","2258"
"3142","2255"
"5145","2251"
"3742","2250"
"1959","2244"
"566","2243"
"73039","2242"
"971","2242"
"3505","2239"
"79609","2237"
"4586","2235"
"2604","2235"
"3870","2234"
"1146","2232"
"4834","2232"
"72936","2231"
"2092","2228"
"2756","2225"
"3878","2224"
"492","2221"
"737","2217"
"944","2216"
"683","2214"
"3116","2212"
"2704","2211"
"4989","2209"
"72969","2209"
"1543","2208"
"4143","2206"
"643","2206"
"1461","2203"
"1783","2202"
"4945","2197"
"4769","2190"
"109128","2187"
"5107","2181"
"4841","2178"
"83537","2176"
"1688","2175"
"2091","2173"
"4555","2171"
"513","2170"
"5074","2169"
"4422","2167"
"3886","2164"
"2713","2163"
"4653","2162"
"962","2159"
"83536","2155"
"4190","2154"
"73040","2154"
"4767","2152"
"3606","2147"
"3685","2147"
"854","2145"
"2694","2140"
"4431","2139"
"1046","2136"
"1667","2135"
"3313","2132"
"1526","2130"
"5124","2129"
"3744","2126"
"3097","2126"
"4919","2122"
"5100","2122"
"4502","2118"
"3316","2113"
"95","2108"
"2149","2104"
"5031","2104"
"3029","2102"
"1659","2098"
"963","2098"
"72996","2098"
"3941","2095"
"3271","2093"
"4218","2092"
"4662","2090"
"2716","2089"
"4689","2084"
"807","2083"
"4501","2083"
"3162","2082"
"1855","2081"
"2655","2080"
"1777","2080"
"1755","2077"
"3844","2076"
"1555","2072"
"105901","2071"
"1889","2070"
"2678","2068"
"892","2067"
"3141","2066"
"1739","2064"
"4632","2064"
"447","2063"
"4668","2060"
"3668","2058"
"9554","2058"
"103719","2056"
"1322","2051"
"6","2050"
"4558","2050"
"4397","2049"
"352","2049"
"4112","2047"
"4219","2044"
"5060","2043"
"4136","2043"
"2546","2039"
"2589","2038"
"2489","2038"
"108495","2034"
"5193","2034"
"4533","2033"
"4031","2032"
"3607","2031"
"842","2030"
"1044","2029"
"3302","2029"
"3365","2028"
"1293","2027"
"2653","2024"
"108696","2024"
"711","2024"
"731","2023"
"1560","2019"
"2899","2018"
"4537","2013"
"4546","2012"
"9562","2011"
"2986","2005"
"2460","2004"
"4876","2003"
"179","1993"
"4564","1992"
"7213","1992"
"3151","1989"
"1821","1985"
"73042","1984"
"3902","1982"
"1210","1979"
"108655","1976"
"1111","1974"
"430","1973"
"993","1970"
"4413","1968"
"1891","1967"
"4856","1964"
"2946","1960"
"2937","1958"
"1567","1955"
"871","1954"
"601","1953"
"1771","1950"
"4320","1949"
"2083","1947"
"4288","1945"
"2596","1943"
"73073","1943"
"4371","1940"
"3516","1939"
"2841","1937"
"4721","1935"
"2954","1934"
"3815","1933"
"4603","1928"
"1091","1927"
"410","1927"
"1204","1927"
"4113","1921"
"4403","1920"
"3810","1919"
"1268","1919"
"3032","1915"
"108267","1913"
"72987","1910"
"4608","1909"
"3056","1906"
"108650","1905"
"2701","1903"
"5287","1903"
"4750","1901"
"174","1900"
"1423","1900"
"4212","1899"
"1539","1898"
"3632","1897"
"736","1896"
"1311","1896"
"3885","1891"
"2838","1891"
"1206","1891"
"3175","1890"
"3655","1885"
"107718","1883"
"1054","1883"
"4862","1881"
"1363","1881"
"3006","1881"
"4642","1881"
"107721","1881"
"957","1879"
"2753","1876"
"3121","1876"
"1187","1875"
"2271","1873"
"2857","1873"
"1055","1872"
"4940","1872"
"2226","1870"
"105909","1870"
"72915","1869"
"2629","1867"
"1760","1860"
"1101","1860"
"9555","1859"
"72954","1857"
"1176","1857"
"2981","1854"
"3320","1852"
"72932","1851"
"2339","1849"
"4171","1848"
"3428","1848"
"4390","1848"
"4099","1845"
"4412","1844"
"2444","1843"
"3214","1842"
"3220","1842"
"605","1840"
"3769","1838"
"1597","1830"
"1038","1829"
"556","1824"
"1196","1823"
"2698","1820"
"2706","1819"
"3157","1817"
"1086","1816"
"1239","1816"
"2626","1815"
"72908","1814"
"4276","1814"
"2453","1813"
"4638","1811"
"108656","1809"
"107883","1805"
"3819","1805"
"452","1805"
"3300","1803"
"1937","1803"
"9557","1803"
"72971","1795"
"874","1794"
"4579","1794"
"1185","1793"
"1554","1793"
"2976","1782"
"984","1776"
"364","1775"
"4965","1775"
"1542","1773"
"3044","1773"
"3531","1769"
"721","1762"
"5178","1762"
"3054","1756"
"1679","1755"
"1952","1752"
"2755","1749"
"4666","1748"
"3401","1746"
"802","1745"
"4438","1741"
"943","1740"
"2749","1739"
"3859","1737"
"1115","1737"
"4716","1736"
"4222","1736"
"1321","1734"
"3633","1733"
"1057","1730"
"3530","1726"
"4491","1724"
"1260","1723"
"881","1722"
"1886","1721"
"3715","1712"
"3905","1711"
"4711","1704"
"1624","1704"
"3277","1702"
"79608","1696"
"4630","1695"
"1375","1694"
"2681","1694"
"2658","1694"
"2374","1692"
"3000","1691"
"1024","1690"
"698","1686"
"4538","1683"
"4084","1680"
"5119","1673"
"4466","1672"
"909","1671"
"3059","1670"
"4726","1670"
"4123","1669"
"3866","1664"
"2831","1664"
"2963","1663"
"3094","1660"
"910","1659"
"4315","1658"
"72946","1658"
"2431","1658"
"4308","1657"
"1313","1657"
"1884","1655"
"2695","1654"
"108836","1652"
"1549","1651"
"2558","1650"
"1822","1650"
"4211","1650"
"833","1646"
"724","1645"
"1356","1643"
"4844","1642"
"1954","1641"
"2945","1637"
"93610","1633"
"2710","1630"
"3789","1628"
"4568","1627"
"2286","1626"
"656","1625"
"1094","1618"
"2938","1616"
"1623","1616"
"2332","1615"
"1799","1613"
"2569","1612"
"1870","1607"
"2794","1605"
"3908","1603"
"72887","1603"
"1425","1602"
"43838","1600"
"9536","1597"
"20","1594"
"4032","1592"
"1987","1592"
"4576","1590"
"2667","1587"
"4943","1587"
"106607","1587"
"544","1584"
"105582","1584"
"72879","1584"
"3499","1581"
"4420","1581"
"362","1580"
"2997","1579"
"3456","1578"
"585","1578"
"3426","1577"
"2251","1576"
"4892","1576"
"1756","1575"
"72961","1574"
"4748","1574"
"4419","1573"
"2195","1573"
"2708","1570"
"2752","1568"
"2199","1567"
"4655","1564"
"2280","1563"
"73059","1562"
"7180","1560"
"1300","1558"
"668","1548"
"2758","1547"
"3527","1547"
"3570","1546"
"820","1544"
"1564","1537"
"2322","1536"
"3268","1534"
"2600","1534"
"1391","1531"
"4738","1528"
"4049","1527"
"1455","1526"
"3317","1525"
"3206","1522"
"354","1522"
"72999","1520"
"1464","1518"
"3332","1517"
"4231","1516"
"3781","1515"
"4209","1515"
"4421","1514"
"3126","1514"
"1043","1512"
"701","1511"
"3974","1511"
"4702","1510"
"3933","1507"
"2193","1504"
"1458","1496"
"3726","1495"
"3991","1495"
"5269","1495"
"4686","1489"
"3909","1489"
"9533","1486"
"4375","1484"
"3921","1484"
"105907","1484"
"1550","1483"
"1315","1483"
"1006","1478"
"4620","1477"
"2314","1475"
"3128","1471"
"103723","1469"
"108934","1468"
"2067","1468"
"1207","1468"
"3642","1463"
"3198","1463"
"1424","1462"
"5185","1462"
"3330","1461"
"7191","1460"
"2093","1458"
"1283","1457"
"2554","1456"
"648","1448"
"5282","1448"
"4858","1447"
"528","1445"
"79607","1445"
"1892","1444"
"3846","1444"
"3503","1442"
"9559","1442"
"1809","1440"
"4021","1439"
"3319","1439"
"4639","1438"
"904","1438"
"72979","1437"
"658","1436"
"3451","1435"
"3092","1433"
"4213","1433"
"3369","1432"
"3822","1432"
"108493","1432"
"4008","1432"
"720","1428"
"1088","1426"
"1914","1423"
"3153","1422"
"1471","1419"
"2646","1419"
"706","1419"
"4024","1418"
"3262","1417"
"4887","1416"
"3692","1414"
"5246","1411"
"2550","1411"
"1673","1407"
"1696","1404"
"2717","1401"
"4915","1399"
"4090","1397"
"506","1396"
"3130","1391"
"1168","1389"
"4782","1388"
"4557","1378"
"4882","1377"
"2103","1371"
"1265","1370"
"1032","1368"
"79605","1367"
"2248","1364"
"1812","1364"
"923","1363"
"2535","1362"
"1794","1361"
"1262","1360"
"353","1360"
"3677","1359"
"4387","1357"
"4920","1357"
"4198","1356"
"3051","1356"
"620","1353"
"4272","1352"
"792","1351"
"408","1350"
"4407","1349"
"4691","1348"
"1759","1345"
"188","1337"
"3138","1336"
"1636","1334"
"4131","1330"
"750","1327"
"2194","1324"
"3874","1322"
"72898","1321"
"108026","1319"
"1081","1319"
"181","1315"
"1415","1315"
"3863","1314"
"1657","1313"
"3261","1312"
"3658","1312"
"72897","1311"
"4302","1309"
"1546","1306"
"5125","1304"
"1985","1304"
"3764","1304"
"3048","1304"
"418","1303"
"1575","1301"
"2523","1301"
"389","1299"
"5285","1292"
"728","1289"
"2772","1281"
"3982","1281"
"107991","1281"
"3265","1279"
"72994","1278"
"1062","1277"
"4552","1276"
"3404","1274"
"2367","1270"
"3076","1270"
"947","1268"
"1097","1267"
"1779","1264"
"1591","1261"
"956","1260"
"1355","1260"
"3684","1260"
"821","1260"
"1955","1256"
"2210","1255"
"3030","1255"
"3111","1254"
"2400","1253"
"2197","1252"
"826","1249"
"1983","1249"
"3952","1244"
"4687","1243"
"180","1242"
"72885","1240"
"4962","1238"
"70313","1237"
"1151","1237"
"4489","1236"
"3439","1234"
"4679","1230"
"3283","1229"
"3321","1226"
"5230","1225"
"3709","1222"
"3954","1221"
"1441","1221"
"530","1220"
"856","1219"
"2689","1218"
"3979","1215"
"1139","1215"
"4747","1214"
"1699","1213"
"1208","1211"
"529","1208"
"2498","1207"
"1124","1207"
"1621","1206"
"82","1202"
"1692","1202"
"4295","1200"
"2812","1197"
"4906","1197"
"629","1193"
"1932","1192"
"3833","1192"
"1346","1191"
"4986","1189"
"1174","1189"
"1561","1186"
"3090","1186"
"5276","1185"
"3325","1185"
"3529","1184"
"73021","1183"
"3108","1181"
"3904","1177"
"1899","1172"
"105610","1172"
"2691","1172"
"1750","1169"
"959","1167"
"269","1165"
"3169","1165"
"4930","1158"
"107885","1156"
"1918","1156"
"382","1154"
"4210","1153"
"1200","1151"
"1556","1147"
"1849","1145"
"5045","1144"
"2069","1142"
"2928","1141"
"5292","1141"
"3508","1140"
"72995","1138"
"1548","1138"
"4684","1137"
"1530","1137"
"2277","1137"
"4877","1137"
"2771","1136"
"4678","1133"
"891","1128"
"73017","1124"
"2126","1123"
"480","1122"
"451","1121"
"2495","1119"
"2643","1119"
"3720","1118"
"3932","1116"
"4615","1115"
"1641","1114"
"3087","1113"
"425","1113"
"4520","1112"
"4779","1110"
"2068","1109"
"725","1108"
"777","1106"
"2130","1104"
"1416","1102"
"4692","1099"
"4399","1096"
"5114","1091"
"3934","1090"
"1022","1087"
"1106","1082"
"2144","1082"
"2628","1082"
"1224","1082"
"108258","1080"
"1251","1079"
"7200","1079"
"650","1079"
"6276","1076"
"2561","1074"
"862","1074"
"386","1072"
"3135","1070"
"2063","1068"
"1476","1068"
"3995","1067"
"4358","1064"
"2088","1064"
"4854","1063"
"1149","1062"
"1456","1062"
"3936","1061"
"1710","1060"
"2982","1059"
"288","1058"
"4891","1057"
"5253","1057"
"5296","1056"
"1307","1055"
"73060","1053"
"5257","1051"
"73054","1048"
"825","1047"
"119","1045"
"1852","1045"
"108720","1044"
"3653","1043"
"4020","1043"
"1013","1042"
"2630","1034"
"4151","1033"
"108809","1032"
"1663","1030"
"5012","1030"
"73032","1028"
"1177","1027"
"3315","1027"
"887","1024"
"2396","1024"
"4866","1023"
"1628","1022"
"108662","1021"
"349","1019"
"1568","1018"
"3255","1012"
"4344","1011"
"5029","1010"
"2001","1008"
"4607","1007"
"54264","1005"
"938","1005"
"1908","1003"
"4323","1003"
"4665","1003"
"105633","1003"
"72930","1001"
"4756","1000"
"2929","999"
"863","998"
"1711","998"
"72983","998"
"43835","997"
"73016","997"
"4132","996"
"3559","995"
"2108","994"
"2201","993"
"2424","990"
"4783","989"
"73010","987"
"4644","987"
"1376","982"
"4348","982"
"3186","981"
"1869","981"
"4153","980"
"1188","978"
"3686","977"
"960","976"
"5236","975"
"2122","975"
"2039","975"
"2983","971"
"4975","967"
"105590","966"
"108857","965"
"103728","959"
"105593","959"
"3958","958"
"3062","955"
"4499","954"
"814","954"
"2514","954"
"9523","954"
"3892","952"
"1669","950"
"423","946"
"4951","943"
"2272","943"
"2791","940"
"4440","938"
"2443","937"
"156","936"
"2877","936"
"4610","933"
"1680","931"
"4895","931"
"3510","930"
"635","929"
"901","928"
"5199","926"
"4833","925"
"4761","924"
"1049","924"
"695","922"
"1885","919"
"3284","917"
"3771","915"
"3980","914"
"4150","914"
"2849","912"
"1434","911"
"3079","911"
"627","911"
"3023","909"
"4704","907"
"1199","906"
"3287","905"
"3811","904"
"1747","904"
"1240","903"
"2633","902"
"2213","902"
"3441","899"
"753","899"
"108976","898"
"886","897"
"1361","894"
"1358","892"
"1906","890"
"1616","890"
"641","890"
"2429","889"
"4559","886"
"759","883"
"304","879"
"3962","878"
"729","878"
"3721","878"
"829","877"
"634","876"
"1215","875"
"3641","874"
"5005","868"
"161","867"
"3132","866"
"1366","865"
"3370","865"
"838","865"
"1462","863"
"2237","861"
"1276","859"
"5075","856"
"3115","856"
"925","856"
"3230","854"
"1263","854"
"3942","853"
"106469","853"
"2969","852"
"5180","850"
"5113","850"
"4680","850"
"2910","849"
"1017","849"
"2496","849"
"1072","848"
"72950","847"
"3587","846"
"3274","846"
"624","845"
"3436","844"
"108377","844"
"525","843"
"108381","843"
"4509","843"
"5278","841"
"3701","841"
"2076","838"
"3913","838"
"5038","838"
"72939","836"
"40","836"
"4327","835"
"1370","835"
"3963","834"
"4540","833"
"109271","833"
"1463","832"
"3161","830"
"5231","828"
"2072","827"
"1523","826"
"73067","824"
"3331","823"
"623","823"
"2684","822"
"2573","816"
"103712","816"
"3547","816"
"1971","815"
"2603","814"
"2046","813"
"4952","812"
"5233","812"
"2830","811"
"1894","811"
"584","810"
"383","808"
"3578","808"
"896","805"
"3178","804"
"1503","803"
"108698","802"
"4901","802"
"2700","800"
"1395","798"
"1824","798"
"107306","797"
"73102","796"
"3196","794"
"72876","793"
"4770","791"
"2302","791"
"4695","790"
"1814","787"
"1334","787"
"73104","787"
"4423","783"
"5130","782"
"1478","781"
"999","779"
"3670","778"
"4292","777"
"3361","777"
"2356","776"
"951","773"
"3180","772"
"1668","771"
"4133","770"
"877","766"
"4018","764"
"2368","763"
"2975","762"
"72877","762"
"2824","762"
"4424","761"
"3756","760"
"5020","760"
"664","760"
"1335","759"
"105902","758"
"3412","757"
"5111","757"
"178","756"
"3856","755"
"5016","753"
"1232","753"
"5262","753"
"1728","750"
"4129","749"
"2084","748"
"2399","748"
"2346","747"
"108397","747"
"1853","747"
"12643","746"
"2348","746"
"791","745"
"3523","745"
"5175","743"
"2632","742"
"3305","742"
"3231","740"
"3387","739"
"859","739"
"3199","738"
"844","737"
"4346","737"
"98104","737"
"108029","736"
"1454","734"
"2995","734"
"4737","733"
"1603","732"
"3232","731"
"858","729"
"72890","728"
"4713","728"
"2364","728"
"54263","727"
"5172","727"
"1019","726"
"1236","725"
"2132","724"
"780","723"
"4400","717"
"3544","716"
"73020","714"
"381","714"
"4429","713"
"3489","712"
"2912","711"
"3646","711"
"1285","710"
"4498","710"
"4739","710"
"3565","709"
"1643","706"
"462","706"
"1632","704"
"1125","702"
"4370","701"
"70309","700"
"72968","700"
"107889","700"
"5082","700"
"4286","697"
"669","695"
"5220","695"
"361","692"
"3357","691"
"1960","691"
"4982","689"
"108380","689"
"4033","688"
"72905","685"
"1408","685"
"5218","685"
"3960","683"
"682","681"
"3699","681"
"540","681"
"4938","680"
"4255","680"
"11386","679"
"7187","679"
"1588","679"
"1298","679"
"159","677"
"73068","677"
"72947","676"
"108256","675"
"73121","675"
"1916","674"
"4879","673"
"1592","672"
"4055","672"
"3964","670"
"5177","670"
"108268","669"
"4641","666"
"472","665"
"3791","665"
"72976","664"
"2228","664"
"9527","663"
"73126","661"
"1284","661"
"358","659"
"3472","658"
"3808","658"
"108866","656"
"2625","655"
"4070","651"
"4591","651"
"2788","650"
"70315","649"
"72941","648"
"4085","648"
"108719","647"
"2592","647"
"1127","647"
"3209","645"
"3371","644"
"4807","641"
"3136","641"
"2878","638"
"4893","636"
"4238","636"
"4296","635"
"72955","635"
"73006","635"
"3798","634"
"108396","633"
"78","633"
"79588","633"
"4880","632"
"3159","631"
"3170","630"
"2556","630"
"596","629"
"3696","628"
"2487","626"
"1808","626"
"2048","623"
"1419","623"
"2189","622"
"4896","622"
"3832","621"
"73124","618"
"73036","618"
"4830","618"
"98055","617"
"1060","617"
"3356","614"
"105608","614"
"1570","613"
"3241","613"
"1920","612"
"1237","611"
"474","611"
"521","607"
"3821","606"
"4853","606"
"108837","605"
"3177","605"
"3522","604"
"92316","603"
"760","603"
"3947","602"
"740","601"
"4890","601"
"2270","600"
"5098","600"
"5055","599"
"454","598"
"108257","597"
"3303","597"
"70314","595"
"1047","594"
"565","589"
"2789","589"
"1278","588"
"3110","588"
"1067","587"
"2315","587"
"2692","587"
"4019","586"
"105611","586"
"3292","584"
"3496","584"
"5080","584"
"4998","584"
"1435","583"
"2663","582"
"4822","580"
"2301","578"
"5197","577"
"23","577"
"9563","577"
"2366","575"
"3664","574"
"72956","573"
"1847","572"
"199","572"
"5250","571"
"4959","567"
"978","567"
"3374","565"
"72957","565"
"72874","565"
"2959","564"
"2485","564"
"2913","563"
"2064","561"
"2971","561"
"108489","560"
"523","559"
"793","558"
"3849","557"
"4885","557"
"72972","557"
"1018","557"
"73024","556"
"1961","555"
"3244","555"
"1440","554"
"3432","552"
"1133","552"
"1846","549"
"3442","549"
"4722","549"
"108654","548"
"4392","546"
"1538","545"
"9546","543"
"3257","541"
"5140","541"
"929","540"
"2883","539"
"9539","539"
"5229","538"
"625","536"
"2891","533"
"1109","533"
"471","533"
"3873","530"
"709","529"
"2560","527"
"1050","527"
"72928","526"
"4697","526"
"4381","525"
"2648","525"
"2627","521"
"2605","520"
"4270","518"
"2321","517"
"1426","517"
"12642","517"
"3173","515"
"1787","513"
"2953","513"
"569","512"
"1314","511"
"3735","511"
"808","509"
"3938","509"
"5010","506"
"3917","505"
"5234","505"
"619","504"
"4310","503"
"932","502"
"3440","501"
"450","501"
"4768","500"
"3493","500"
"1205","499"
"2451","498"
"1264","496"
"4918","494"
"72993","491"
"2644","491"
"1120","490"
"4322","488"
"1418","487"
"3021","484"
"72985","483"
"2906","482"
"2125","479"
"4531","477"
"3067","476"
"2441","474"
"3127","472"
"24","471"
"1145","470"
"2800","469"
"4524","468"
"283","468"
"4447","467"
"3867","465"
"5261","464"
"83534","464"
"108032","463"
"3088","460"
"2991","460"
"3970","459"
"449","458"
"108028","458"
"105592","458"
"2238","457"
"2610","457"
"3956","456"
"2512","454"
"473","453"
"4086","453"
"2668","452"
"5048","450"
"289","448"
"3144","447"
"3511","447"
"4330","446"
"756","444"
"3876","443"
"1626","443"
"56","442"
"55","441"
"2501","437"
"108695","437"
"93536","436"
"4445","435"
"655","435"
"4416","433"
"1970","433"
"73019","433"
"1107","432"
"1748","432"
"1192","431"
"4434","430"
"4444","428"
"2450","427"
"2730","427"
"2568","427"
"4453","427"
"4015","426"
"185","425"
"3976","422"
"4224","421"
"4354","421"
"1444","421"
"2442","420"
"3358","420"
"107907","419"
"3906","419"
"1451","418"
"105586","417"
"2564","417"
"2263","416"
"3644","416"
"4960","416"
"948","415"
"3757","413"
"3654","412"
"109272","412"
"2131","412"
"2459","412"
"1715","410"
"1703","409"
"3040","409"
"4859","407"
"3278","404"
"4532","404"
"919","404"
"72997","402"
"717","402"
"4857","401"
"1468","401"
"108263","400"
"3050","398"
"72975","397"
"73003","397"
"73125","397"
"1027","397"
"1826","396"
"3143","396"
"3200","395"
"79596","395"
"2712","394"
"3024","394"
"4164","394"
"3123","393"
"4681","393"
"3075","392"
"1166","392"
"72944","391"
"3008","391"
"3495","390"
"713","390"
"2279","389"
"108492","388"
"3298","388"
"1558","388"
"2553","386"
"5127","385"
"3661","385"
"5092","385"
"1619","384"
"1406","384"
"795","384"
"4483","383"
"4208","383"
"1250","383"
"43440","380"
"2926","379"
"73018","379"
"3168","379"
"527","379"
"5137","378"
"3263","377"
"3165","377"
"3046","376"
"233","375"
"219","375"
"4976","374"
"107723","374"
"2921","373"
"4313","373"
"2417","372"
"4079","371"
"108031","371"
"12645","370"
"849","370"
"72863","370"
"1053","369"
"4126","369"
"1671","369"
"3813","368"
"4996","368"
"108386","366"
"1895","366"
"4488","366"
"70316","365"
"4197","364"
"4374","362"
"2651","362"
"3948","361"
"1165","360"
"72974","359"
"3812","359"
"4060","359"
"1118","356"
"73013","356"
"72913","355"
"3217","354"
"864","352"
"5259","352"
"3349","351"
"679","350"
"4216","349"
"4149","347"
"3901","346"
"5035","345"
"73062","345"
"1658","344"
"1031","343"
"1077","340"
"3924","340"
"1113","339"
"794","339"
"1605","338"
"1694","337"
"790","335"
"108398","335"
"1150","332"
"1693","332"
"3983","331"
"3336","330"
"2757","330"
"4437","329"
"4408","328"
"722","328"
"103704","327"
"5298","326"
"4241","325"
"1915","324"
"2298","323"
"2909","322"
"3101","322"
"3081","321"
"1589","320"
"3449","320"
"4115","320"
"3912","319"
"2317","316"
"579","315"
"526","314"
"1169","313"
"108379","313"
"3656","312"
"1502","309"
"260","309"
"4484","308"
"3310","308"
"2235","307"
"1798","307"
"687","307"
"5301","304"
"1147","304"
"3494","304"
"2200","302"
"5277","302"
"3311","302"
"5091","301"
"2086","300"
"2455","300"
"3171","300"
"3509","299"
"2278","299"
"1676","297"
"2790","296"
"72978","296"
"4725","295"
"5046","295"
"2318","295"
"1414","294"
"1479","294"
"72903","294"
"72966","293"
"839","293"
"3834","293"
"1056","292"
"1443","291"
"642","291"
"4736","290"
"73113","289"
"2972","288"
"105609","287"
"3104","285"
"3221","283"
"83","283"
"4536","282"
"2893","282"
"2786","281"
"4464","280"
"108660","279"
"850","278"
"109321","277"
"3835","276"
"4907","276"
"3647","275"
"73120","275"
"4481","275"
"3409","274"
"470","274"
"3291","274"
"2930","274"
"4116","274"
"73034","274"
"7190","273"
"3296","273"
"109127","272"
"5086","272"
"2511","271"
"158","271"
"43436","270"
"1016","269"
"3080","268"
"37","268"
"1533","268"
"3466","268"
"1037","267"
"3837","266"
"4803","265"
"4078","265"
"1112","265"
"16","264"
"3082","264"
"4347","264"
"1532","263"
"576","261"
"4462","261"
"1687","261"
"4108","259"
"72953","259"
"4332","259"
"5014","255"
"621","254"
"4232","254"
"4001","254"
"5076","253"
"831","253"
"4828","253"
"105908","252"
"4685","250"
"3712","250"
"5128","250"
"681","250"
"3131","250"
"3966","248"
"422","248"
"72945","247"
"93716","247"
"1646","246"
"1681","246"
"1677","246"
"4229","246"
"221","245"
"832","245"
"1718","243"
"2978","243"
"945","242"
"72865","242"
"108382","242"
"2819","241"
"3100","240"
"4324","240"
"2264","239"
"73064","239"
"1405","239"
"550","238"
"4146","238"
"1075","238"
"4894","238"
"83702","237"
"2609","237"
"2922","236"
"5025","236"
"4947","235"
"4227","234"
"3338","234"
"1566","234"
"4573","233"
"4185","231"
"1923","231"
"3830","231"
"708","228"
"3273","227"
"5017","226"
"3019","224"
"4082","223"
"939","221"
"2985","220"
"647","219"
"2894","219"
"154","219"
"3659","218"
"3245","217"
"3256","216"
"718","216"
"2697","216"
"1410","214"
"458","214"
"3759","214"
"4426","212"
"1216","212"
"72867","212"
"7195","212"
"1025","212"
"79599","210"
"2834","209"
"4162","208"
"3384","208"
"3640","208"
"72873","206"
"3243","205"
"109021","204"
"365","204"
"8","203"
"108027","202"
"3363","200"
"1629","199"
"5304","199"
"4038","199"
"73004","199"
"1258","199"
"3418","199"
"577","198"
"131","198"
"5170","197"
"3636","196"
"4983","195"
"520","195"
"3390","192"
"92317","192"
"3118","192"
"3666","191"
"1930","190"
"2127","189"
"3894","188"
"463","188"
"1477","187"
"3977","187"
"674","186"
"1345","185"
"4454","183"
"1595","182"
"810","180"
"2844","180"
"567","179"
"2290","178"
"79600","176"
"4956","175"
"4451","175"
"4448","174"
"3020","174"
"2960","174"
"2823","173"
"637","173"
"103699","173"
"747","173"
"2650","173"
"108657","172"
"755","171"
"5090","170"
"1493","169"
"4840","169"
"5307","167"
"9535","167"
"5022","167"
"380","167"
"3084","166"
"49","166"
"5235","165"
"4997","164"
"295","163"
"2931","163"
"106599","161"
"1488","161"
"2574","161"
"4235","157"
"3731","157"
"4142","157"
"3124","156"
"109331","156"
"3195","155"
"4842","155"
"1700","153"
"4519","153"
"4740","152"
"1484","151"
"806","150"
"3651","149"
"4539","147"
"108030","147"
"1674","146"
"5305","145"
"4795","145"
"105604","145"
"3242","144"
"594","144"
"3391","144"
"1269","144"
"3694","142"
"3882","142"
"970","141"
"2312","141"
"662","140"
"3969","139"
"1407","139"
"931","139"
"108452","138"
"115","138"
"3203","138"
"3872","138"
"29","137"
"3113","137"
"3270","137"
"24993","135"
"933","133"
"371","133"
"5088","132"
"3783","131"
"3649","131"
"3372","128"
"3480","127"
"2832","127"
"1682","126"
"72900","126"
"3233","126"
"101211","126"
"3172","126"
"108385","125"
"1256","124"
"652","124"
"3996","124"
"1815","124"
"4981","124"
"5008","123"
"379","123"
"4848","122"
"5034","122"
"2313","122"
"4942","121"
"4418","121"
"953","120"
"846","119"
"1656","119"
"4455","118"
"1257","118"
"467","116"
"4087","116"
"24992","115"
"421","115"
"3648","113"
"6274","113"
"108488","112"
"377","112"
"1412","110"
"4449","110"
"5167","110"
"843","110"
"1110","109"
"2785","107"
"2065","107"
"3643","107"
"3514","107"
"5149","107"
"4823","106"
"73001","104"
"4682","104"
"1816","104"
"1437","104"
"4161","104"
"3911","103"
"72880","103"
"1164","103"
"1446","102"
"3638","98"
"5093","98"
"9521","98"
"72901","98"
"267","97"
"628","97"
"4457","97"
"105632","97"
"3334","97"
"53","95"
"3085","95"
"4230","94"
"3279","94"
"4014","93"
"7193","92"
"646","92"
"3264","91"
"3376","90"
"4023","90"
"1480","90"
"2743","90"
"2370","90"
"4303","89"
"3665","89"
"4349","88"
"432","88"
"4944","87"
"4836","86"
"2798","85"
"1653","85"
"3857","85"
"3926","84"
"1785","84"
"649","83"
"2246","83"
"1183","83"
"4007","83"
"3182","83"
"3408","82"
"2265","82"
"103698","82"
"1179","82"
"946","82"
"314","81"
"240","81"
"4525","81"
"5024","80"
"2607","80"
"193","80"
"2342","80"
"3267","80"
"10523","79"
"3394","79"
"554","79"
"4776","78"
"533","78"
"2652","77"
"3435","77"
"72904","77"
"157","77"
"2927","76"
"2094","76"
"79602","76"
"3444","74"
"4732","74"
"685","73"
"3490","73"
"3362","73"
"81","73"
"1517","72"
"2608","71"
"763","71"
"5062","71"
"5213","70"
"2693","70"
"2236","70"
"3190","69"
"1495","69"
"847","69"
"762","69"
"3335","68"
"4101","68"
"2806","67"
"663","67"
"5106","67"
"3373","67"
"4141","67"
"1252","66"
"781","66"
"3681","66"
"3346","66"
"4468","65"
"3166","64"
"2923","64"
"1173","64"
"2500","64"
"3413","64"
"3415","63"
"719","63"
"1063","63"
"72952","63"
"1535","62"
"4925","61"
"103705","60"
"7198","60"
"4081","60"
"4284","58"
"572","58"
"1510","58"
"3618","57"
"363","55"
"1182","54"
"77284","54"
"2566","54"
"645","53"
"879","52"
"5141","52"
"3645","52"
"2775","52"
"3975","52"
"3660","51"
"1590","51"
"3419","50"
"4103","50"
"4283","49"
"5","49"
"103727","48"
"108867","48"
"4910","48"
"1248","48"
"1140","47"
"4299","47"
"4821","47"
"108378","47"
"3831","47"
"43435","46"
"5288","46"
"3183","45"
"72964","45"
"311","44"
"324","44"
"109298","44"
"155","43"
"636","43"
"83538","42"
"118","42"
"2624","42"
"3927","42"
"1042","42"
"1922","42"
"83700","41"
"108659","41"
"954","41"
"2631","40"
"1289","40"
"160","39"
"465","37"
"101156","37"
"72869","37"
"3434","37"
"391","36"
"1052","36"
"152","35"
"18980","35"
"1244","34"
"3747","34"
"4367","34"
"4994","34"
"3236","34"
"2070","33"
"54","33"
"5299","32"
"4100","32"
"3543","32"
"5004","32"
"5152","31"
"103725","31"
"1243","31"
"4724","31"
"4025","30"
"214","30"
"3","30"
"72935","30"
"3935","29"
"9525","29"
"2797","29"
"2594","29"
"2639","29"
"93148","28"
"13","28"
"5275","28"
"1900","28"
"4345","28"
"5095","28"
"83704","27"
"3596","27"
"4973","27"
"1172","27"
"2438","27"
"1245","27"
"100143","26"
"2422","26"
"1719","26"
"9524","26"
"3713","26"
"50","25"
"5171","25"
"3940","25"
"94","25"
"4040","24"
"72888","24"
"108446","23"
"1518","23"
"99815","23"
"3944","23"
"4221","23"
"73107","22"
"3129","22"
"3058","22"
"44","22"
"4902","21"
"43437","21"
"455","21"
"3775","20"
"83533","20"
"1802","20"
"108448","20"
"4677","19"
"2768","19"
"5308","19"
"1450","19"
"1126","19"
"27","19"
"5207","18"
"2950","18"
"67253","18"
"5156","18"
"4637","18"
"296","17"
"106466","17"
"261","16"
"5158","16"
"163","16"
"4225","16"
"75","16"
"633","16"
"3378","15"
"105585","15"
"108399","15"
"4106","15"
"79581","15"
"1924","13"
"73079","11"
"194","11"
"3304","11"
"4818","11"
"348","11"
"138","10"
"764","10"
"2737","9"
"274","9"
"5159","9"
"101321","8"
"2316","8"
"2961","7"
"24986","7"
"5270","6"
"101348","6"
"2439","6"
"72","6"
"3957","5"
"4478","4"
"3951","4"
"103696","4"
"38","3"
"4905","3"
"3147","3"
"1144","2"
"4261","2"
"2966","2"
"5026","2"
"1956","1"
"28","1"
"3506","1"
"105612","1"
"101310","1"
"101319","1"
"101347","1"
"101337","1"
"2447","1"
"101246","1"
